GENE_SYMBOL	COSMIC_GENE_ID	TRANSCRIPT_ACCESSION	COSMIC_SAMPLE_ID	SAMPLE_NAME	COSMIC_PHENOTYPE_ID	GENOMIC_MUTATION_ID	LEGACY_MUTATION_ID	MUTATION_ID	MUTATION_CDS	MUTATION_AA	MUTATION_DESCRIPTION	MUTATION_ZYGOSITY	LOH	CHROMOSOME	GENOME_START	GENOME_STOP	STRAND	PUBMED_PMID	COSMIC_STUDY_ID	HGVSP	HGVSC	HGVSG	GENOMIC_WT_ALLELE	GENOMIC_MUT_ALLELE	MUTATION_SOMATIC_STATUS	CATALOGUE_NUMBER	INSTITUTE	INSTITUTE_ADDRESS
GSDMB	COSG108742	ENST00000394175.6	COSS753548	CTV-1	COSO27985184	COSV58780334	COSM2838375	125037922	c.506C>T	p.T169I	missense_variant	het	u	17	39909826	39909826	-		COSU619	ENSP00000377729.2:p.Thr169Ile	ENST00000394175.6:c.506C>T	17:g.39909826G>A	G	A	Variant of unknown origin	ACC40	German Collection of Microorganisms and Cell Cultures,	 Braunschweig, Germany
TMEM219	COSG88457	ENST00000279396.10	COSS905934	PC-3	COSO32054826	COSV54245066	COSN13665085	105623692	c.-37-128C>A	p.?	intron_variant	hom	u	16	29962979	29962979	+		COSU619		ENST00000279396.10:c.-37-128C>A	16:g.29962979C>A	C	A	Variant of unknown origin		Developmental Therapeutics Program	National Cancer Institute,Frederick,MD 21701
USP14	COSG71170	ENST00000383589.6	COSS687505	C-33-A	COSO28514862	COSV55280741	COSN13761771	122163874	c.738+16G>A	p.?	intron_variant	het	u	18	199332	199332	+		COSU619		ENST00000383589.6:c.738+16G>A	18:g.199332G>A	G	A	Variant of unknown origin	HTB-31	American Type Culture Collection (ATCC)	P.O. Box 1549, Manassas, VA 20108, USA
EHMT2	COSG79404	ENST00000375528.8	COSS906831	Daudi	COSO27984797	COSV64996389	COSN14219321	123240813	c.2080+66C>T	p.?	intron_variant	het	u	6	31887511	31887511	-		COSU619		ENST00000375528.8:c.2080+66C>T	6:g.31887511G>A	G	A	Variant of unknown origin	CCL-213	American Type Culture Collection (ATCC)	P.O. Box 1549, Manassas, VA 20108, USA
POLR1D	COSG74984	ENST00000621089.2	COSS1303910	Sarc9371	COSO28065226	COSV57256121	COSM4213948	181620238	c.-59+1897G>A	p.?	intron_variant	hom	u	13	27623037	27623037	+		COSU619		ENST00000621089.2:c.-59+1897G>A	13:g.27623037G>A	G	A	Variant of unknown origin		UNKNOWN	UNKNOWN
NFX1	COSG110264	ENST00000379540.7	COSS907272	KARPAS-45	COSO27984916	COSV59310919	COSN14389498	121487469	c.2729+68T>C	p.?	intron_variant	het	u	9	33352787	33352787	+		COSU619		ENST00000379540.7:c.2729+68T>C	9:g.33352787T>C	T	C	Variant of unknown origin	ACC105	German Collection of Microorganisms and Cell Cultures,	 Braunschweig, Germany
PIGT	COSG100246	ENST00000640210.1	COSS688007	NCI-H187	COSO29915333	COSV54127044	COSM3293474	186068838	c.188-622C>T	p.?	intron_variant	het	u	20	45418886	45418886	+		COSU619		ENST00000640210.1:c.188-622C>T	20:g.45418886C>T	C	T	Variant of unknown origin	CRL-5804	American Type Culture Collection (ATCC)	P.O. Box 1549, Manassas, VA 20108, USA
EOMES	COSG101971	ENST00000295743.8	COSS908480	NCI-H2081	COSO29915333	COSV55416671	COSM2949283	105307502	c.906C>T	p.F302=	synonymous_variant	het	u	3	27720301	27720301	-		COSU619	ENSP00000295743.4:p.Phe302=	ENST00000295743.8:c.906C>T	3:g.27720301G>A	G	A	Variant of unknown origin	CRL-5920	American Type Culture Collection (ATCC)	P.O. Box 1549, Manassas, VA 20108, USA
PLD2	COSG92131	ENST00000572940.5	COSS906875	GOTO	COSO27774843	COSV54011165	COSN13729451	172706306	c.2173+58C>T	p.?	intron_variant	het	u	17	4818881	4818881	+		COSU619		ENST00000572940.5:c.2173+58C>T	17:g.4818881C>T	C	T	Variant of unknown origin	JCRB0612	JCRB Cell Bank, National Institutes of Biomedical Innovation, Health and Nutrition	7-6-8 Saito-Asagi, Ibaraki, Osaka 567-0085, Japan
TNNT2	COSG93788	ENST00000367317.8	COSS1240197	OV-90	COSO30134862	COSV52664577	COSN13506703	115856589	c.*34G>A	p.?	3_prime_UTR_variant	het	u	1	201359176	201359176	-		COSU619		ENST00000367317.8:c.*34G>A	1:g.201359176C>T	C	T	Variant of unknown origin		The University of Hong Kong	Queen Mary Hospital, Hong Kong
ANK2	COSG71734	ENST00000394537.7	COSS907055	HGC-27	COSO36004826	COSV52196764	COSM3007167	126441299	c.4427-2917T>C	p.?	intron_variant	het	u	4	113357906	113357906	+		COSU619		ENST00000394537.7:c.4427-2917T>C	4:g.113357906T>C	T	C	Variant of unknown origin	RCB0500	Cell Bank, RIKEN BioResource Center	3-1-1 Koyadai, Tsukuba, Ibaraki, 305-0074, Japan
PEX5L	COSG92934	ENST00000476138.5	COSS907046	HCC1569	COSO28394862	COSV55861071	COSM3205982	145369668	c.544del	p.S182Afs*13	frameshift_variant	het	u	3	179874384	179874384	-		COSU619	ENSP00000420555.1:p.Ser182AlafsTer13	ENST00000476138.5:c.544del	3:g.179874384del	T		Variant of unknown origin	CRL-2330	American Type Culture Collection (ATCC)	P.O. Box 1549, Manassas, VA 20108, USA
ATXN3	COSG104148	ENST00000558190.6	COSS908143	MN-60	COSO27984920	COSV61495473	COSN13601328	167383901	c.475+52A>G	p.?	intron_variant	het	u	14	92088678	92088678	-		COSU619		ENST00000558190.6:c.475+52A>G	14:g.92088678T>C	T	C	Variant of unknown origin	ACC138	German Collection of Microorganisms and Cell Cultures,	 Braunschweig, Germany
ABCA9	COSG99038	ENST00000453985.6	COSS946359	BT-474	COSO28395278	COSV60633725	COSN13742743	140918297	c.1504+36G>C	p.?	intron_variant	het	u	17	69029133	69029133	-		COSU619		ENST00000453985.6:c.1504+36G>C	17:g.69029133C>G	C	G	Variant of unknown origin	ACC64	German Collection of Microorganisms and Cell Cultures,	 Braunschweig, Germany
SPTBN2	COSG82771	ENST00000529997.5	COSS906877	GR-ST	COSO27984916	COSV59449280	COSM2040979	160453557	c.704A>G	p.Y235C	missense_variant	het	u	11	66713699	66713699	-		COSU619	ENSP00000433593.1:p.Tyr235Cys	ENST00000529997.5:c.704A>G	11:g.66713699T>C	T	C	Variant of unknown origin	RCB1182	Cell Bank, RIKEN BioResource Center	3-1-1 Koyadai, Tsukuba, Ibaraki, 305-0074, Japan
KIF3C	COSG108522	ENST00000405914.1	COSS1297446	DND-41	COSO27984908	COSV53098169	COSM2912090	127491033	c.144C>T	p.R48=	synonymous_variant	het	u	2	25981774	25981774	-		COSU619	ENSP00000385030.1:p.Arg48=	ENST00000405914.1:c.144C>T	2:g.25981774G>A	G	A	Variant of unknown origin		UNKNOWN	UNKNOWN
KIF3C	COSG108522	ENST00000405914.1	COSS909252	P30-OHK	COSO27984916	COSV53098169	COSM2912090	127491033	c.144C>T	p.R48=	synonymous_variant	het	u	2	25981774	25981774	-		COSU619	ENSP00000385030.1:p.Arg48=	ENST00000405914.1:c.144C>T	2:g.25981774G>A	G	A	Variant of unknown origin	JCRB0094	JCRB Cell Bank, National Institutes of Biomedical Innovation, Health and Nutrition	7-6-8 Saito-Asagi, Ibaraki, Osaka 567-0085, Japan
QRFPR	COSG60059	ENST00000394427.2	COSS908129	MFE-280	COSO29024826	COSV57680982	COSM3008361	125989235	c.171C>T	p.A57=	synonymous_variant	het	u	4	121380477	121380477	-		COSU619	ENSP00000377948.2:p.Ala57=	ENST00000394427.2:c.171C>T	4:g.121380477G>A	G	A	Variant of unknown origin	ACC410	German Collection of Microorganisms and Cell Cultures,	 Braunschweig, Germany
CNOT4	COSG65401	ENST00000414802.5	COSS906831	Daudi	COSO27984797	COSV59653699	COSM4359949	179419689	c.1245+144T>C	p.?	intron_variant	het	u	7	135394156	135394156	-		COSU619		ENST00000414802.5:c.1245+144T>C	7:g.135394156A>G	A	G	Variant of unknown origin	CCL-213	American Type Culture Collection (ATCC)	P.O. Box 1549, Manassas, VA 20108, USA
ABCC8	COSG73752	ENST00000643260.1	COSS687819	NCI-H2342	COSO29915674	COSV56858204	COSM2091596	187301054	c.3938G>A	p.R1313H	missense_variant	het	u	11	17397243	17397243	-		COSU619	ENSP00000494450.1:p.Arg1313His	ENST00000643260.1:c.3938G>A	11:g.17397243C>T	C	T	Variant of unknown origin	CRL-5941	American Type Culture Collection (ATCC)	P.O. Box 1549, Manassas, VA 20108, USA
MME	COSG98919	ENST00000462745.5	COSS949092	CP67-MEL	COSO32666078	COSV64711771	COSN14041709	141221478	c.358+11A>G	p.?	intron_variant	het	u	3	155115166	155115166	+		COSU619		ENST00000462745.5:c.358+11A>G	3:g.155115166A>G	A	G	Variant of unknown origin		Ludwig Institute for Cancer Research, Brussels branch	74 avenue Hippocrate (UCL 74.59).Building ICP-LICR 74, 2nd Floor,B-1200  Brussels, Belgium
SPTBN2	COSG82771	ENST00000533211.5	COSS1480371	OVK-18	COSO30135463	COSV59451481	COSN13343525	160424639	c.4279-45G>C	p.?	intron_variant	het	u	11	66694408	66694408	-		COSU619		ENST00000533211.5:c.4279-45G>C	11:g.66694408C>G	C	G	Variant of unknown origin		Cancer Science Institute of Singapore	National University of Singapore
GRM7	COSG102472	ENST00000357716.8	COSS1331040	SUP-M2	COSO27986820	COSV63132607	COSN14080619	116388476	c.737-26A>G	p.?	intron_variant	het	u	3	7298658	7298658	+		COSU619		ENST00000357716.8:c.737-26A>G	3:g.7298658A>G	A	G	Variant of unknown origin	ACC 509	German Collection of Microorganisms and Cell Cultures,	 Braunschweig, Germany
LIAS	COSG79295	ENST00000261434.8	COSS909723	SK-MEL-1	COSO32666078	COSV54698125	COSM2846734	107453749	c.531G>T	p.L177F	missense_variant	het	u	4	39470121	39470121	+		COSU619	ENSP00000261434.4:p.Leu177Phe	ENST00000261434.8:c.531G>T	4:g.39470121G>T	G	T	Variant of unknown origin	HTB-67	American Type Culture Collection (ATCC)	P.O. Box 1549, Manassas, VA 20108, USA
RAPH1	COSG91519	ENST00000419464.5	COSS910554	CW-2	COSO28584862	COSV57358790	COSM2908596	132663730	c.864T>C	p.D288=	synonymous_variant	het	u	2	203461355	203461355	-		COSU619	ENSP00000390578.1:p.Asp288=	ENST00000419464.5:c.864T>C	2:g.203461355A>G	A	G	Variant of unknown origin	RCB0778	Cell Bank, RIKEN BioResource Center	3-1-1 Koyadai, Tsukuba, Ibaraki, 305-0074, Japan
GALNTL6	COSG88266	ENST00000508122.5	COSS1298349	NCI-H1688	COSO29915333	COSV72493932	COSN14102333	152709972	c.196+75A>C	p.?	intron_variant	het	u	4	172229839	172229839	+		COSU619		ENST00000508122.5:c.196+75A>C	4:g.172229839A>C	A	C	Variant of unknown origin		UNKNOWN	UNKNOWN
ANKHD1	COSG86091	ENST00000360839.6	COSS753596	MZ7-mel	COSO32666078	COSV51862478	COSN14143134	119726170	c.1243-65C>T	p.?	intron_variant	het	u	5	140458560	140458560	+		COSU619		ENST00000360839.6:c.1243-65C>T	5:g.140458560C>T	C	T	Variant of unknown origin		University of Mainz	Dept. Haematology/Oncology,Naunynweg, Gebaude 302, 55131 Mainz,
IRAK1	COSG96909	ENST00000393687.6	COSS909739	SNU-475	COSO29825606	COSV57657937	COSN14418806	123271789	c.729+112G>A	p.?	intron_variant	hom	u	X	154018487	154018487	-		COSU619		ENST00000393687.6:c.729+112G>A	X:g.154018487C>T	C	T	Variant of unknown origin	CRL-2236	American Type Culture Collection (ATCC)	P.O. Box 1549, Manassas, VA 20108, USA
RIPOR2	COSG95890	ENST00000643898.1	COSS905959	SK-OV-3	COSO30134826	COSV52423125	COSN14211979	190429375	c.1034+137T>C	p.?	intron_variant	het	u	6	24849665	24849665	-		COSU619		ENST00000643898.1:c.1034+137T>C	6:g.24849665A>G	A	G	Variant of unknown origin		Developmental Therapeutics Program	National Cancer Institute,Frederick,MD 21701
DYSF	COSG58079	ENST00000409582.7	COSS1660036	SNU-81	COSO28864826	COSV50562186	COSN14005846	127405580	c.1000-34G>T	p.?	intron_variant	het	u	2	71520144	71520144	+		COSU619		ENST00000409582.7:c.1000-34G>T	2:g.71520144G>T	G	T	Variant of unknown origin		Korean Cell Line Bank	Laboratory of Cell Biology, Cancer Research Center and Cancer Research Institute, Seoul National University College of Medicine, Seoul
PPFIA2	COSG73007	ENST00000548586.5	COSS687588	U-118-MG	COSO28245257	COSV61061335	COSN13421120	164930833	c.646-30C>T	p.?	intron_variant	het	u	12	81405933	81405933	-		COSU619		ENST00000548586.5:c.646-30C>T	12:g.81405933G>A	G	A	Variant of unknown origin	HTB-15	American Type Culture Collection (ATCC)	P.O. Box 1549, Manassas, VA 20108, USA
MBP	COSG105948	ENST00000526111.5	COSS909778	UACC-893	COSO28395278	COSV62831123	COSN13775266	158252086	c.285+263T>G	p.?	intron_variant	het	u	18	76988232	76988232	-		COSU619		ENST00000526111.5:c.285+263T>G	18:g.76988232A>C	A	C	Variant of unknown origin	CRL-1902	American Type Culture Collection (ATCC)	P.O. Box 1549, Manassas, VA 20108, USA
TMTC1	COSG78970	ENST00000539277.5	COSS907790	LoVo	COSO28584826	COSV55489821	COSM2204942	160244084	c.1691del	p.K564Rfs*8	frameshift_variant	het	u	12	29536307	29536307	-		COSU619	ENSP00000442046.1:p.Lys564ArgfsTer8	ENST00000539277.5:c.1691del	12:g.29536307del	T		Variant of unknown origin	IFO50067	JCRB Cell Bank, National Institutes of Biomedical Innovation, Health and Nutrition	7-6-8 Saito-Asagi, Ibaraki, Osaka 567-0085, Japan
TPM3	COSG101931	ENST00000330188.13	COSS905940	K-562	COSO27985052	COSV55136280	COSN13472727	111658428	c.532-18A>C	p.?	intron_variant	het	u	1	154170729	154170729	-		COSU619		ENST00000330188.13:c.532-18A>C	1:g.154170729T>G	T	G	Variant of unknown origin		Developmental Therapeutics Program	National Cancer Institute,Frederick,MD 21701
ENKUR	COSG66565	ENST00000331161.8	COSS924106	CAL-148	COSO28395278	COSV58635408	COSN13267452	112640084	c.77+256G>A	p.?	intron_variant	het	u	10	25015604	25015604	-		COSU619		ENST00000331161.8:c.77+256G>A	10:g.25015604C>T	C	T	Variant of unknown origin	ACC460	German Collection of Microorganisms and Cell Cultures,	 Braunschweig, Germany
UBA52	COSG87793	ENST00000597451.5	COSS1659928	SNU-175	COSO28864826	COSV70615321	COSN13789218	173849176	c.*51G>A	p.?	3_prime_UTR_variant	het	u	19	18575201	18575201	+		COSU619		ENST00000597451.5:c.*51G>A	19:g.18575201G>A	G	A	Variant of unknown origin		Korean Cell Line Bank	Laboratory of Cell Biology, Cancer Research Center and Cancer Research Institute, Seoul National University College of Medicine, Seoul
DPP6	COSG69302	ENST00000377770.7	COSS909740	SNU-C2B	COSO28454826	COSV66761272	COSN14273530	119972014	c.-9C>T	p.?	5_prime_UTR_variant	hom	u	7	154052812	154052812	+		COSU619		ENST00000377770.7:c.-9C>T	7:g.154052812C>T	C	T	Variant of unknown origin	CCL-250	American Type Culture Collection (ATCC)	P.O. Box 1549, Manassas, VA 20108, USA
NHSL2	COSG111466	ENST00000631375.1	COSS722066	NCI-H650	COSO29915668	COSV65454876	COSM3096047	185700414	c.68-7742G>A	p.?	intron_variant	het	u	X	72130699	72130699	+		COSU619		ENST00000631375.1:c.68-7742G>A	X:g.72130699G>A	G	A	Variant of unknown origin	CRL-5835	American Type Culture Collection (ATCC)	P.O. Box 1549, Manassas, VA 20108, USA
MAGEC1	COSG63364	ENST00000406005.2	COSS687596	ChaGo-K-1	COSO29914862	COSV53583248	COSM3233019	127672344	c.18_227del	p.S7_I76del	inframe_deletion	het	u	X	141908218	141908427	+		COSU619	ENSP00000385500.2:p.Ser7_Ile76del	ENST00000406005.2:c.18_227del	X:g.141908218_141908427del	CATCAGCAGGTACACGGGCTACTTTCCTGTGATCTTCAGGAAAGCCCGTGAGTTCATAGAGATACTTTTTGGCATTTCCCTGAGAGAAGTGGACCCTGATGACTCCTATGTCTTTGTAAACACATTAGACCTCACCTCTGAGGGGTGTCTGAGTGATGAGCAGGGCATGTCCCAGAACCGCCTCCTGATTCTTATTCTGAGTATCATCTT		Variant of unknown origin	HTB-168	American Type Culture Collection (ATCC)	P.O. Box 1549, Manassas, VA 20108, USA
DNAJC11	COSG61944	ENST00000294401.11	COSS907794	LS-411N	COSO28454826	COSV53787769	COSM2239882	179273116	c.981-10C>T	p.?	intron_variant	het	u	1	6644684	6644684	-		COSU619		ENST00000294401.11:c.981-10C>T	1:g.6644684G>A	G	A	Variant of unknown origin	CRL-2159	American Type Culture Collection (ATCC)	P.O. Box 1549, Manassas, VA 20108, USA
SCN3A	COSG81266	ENST00000639244.1	COSS907000	ESS-1	COSO29026529	COSV51828743	COSN13946459	187229737	c.-20T>C	p.?	5_prime_UTR_variant	het	u	2	165176414	165176414	-		COSU619		ENST00000639244.1:c.-20T>C	2:g.165176414A>G	A	G	Variant of unknown origin	ACC461	German Collection of Microorganisms and Cell Cultures,	 Braunschweig, Germany
USH2A	COSG96307	ENST00000307340.7	COSS907058	HMV-II	COSO32666078	COSV56371898	COSM1931411	108078335	c.7230A>T	p.V2410=	synonymous_variant	het	u	1	215934686	215934686	-		COSU619	ENSP00000305941.3:p.Val2410=	ENST00000307340.7:c.7230A>T	1:g.215934686T>A	T	A	Variant of unknown origin	RCB0777	Cell Bank, RIKEN BioResource Center	3-1-1 Koyadai, Tsukuba, Ibaraki, 305-0074, Japan
PLEKHG3	COSG79347	ENST00000247226.12	COSS909743	SUP-T1	COSO27984908	COSV55977294	COSM2248433	103815453	c.2688G>C	p.Q896H	missense_variant	het	u	14	64742205	64742205	+		COSU619	ENSP00000247226.8:p.Gln896His	ENST00000247226.12:c.2688G>C	14:g.64742205G>C	G	C	Variant of unknown origin	CRL-1942	American Type Culture Collection (ATCC)	P.O. Box 1549, Manassas, VA 20108, USA
DST	COSG85111	ENST00000361203.7	COSS906765	ARH-77	COSO27985184	COSV55047794	COSN14235726	115196463	c.3843-72C>G	p.?	intron_variant	het	u	6	56628233	56628233	-		COSU619		ENST00000361203.7:c.3843-72C>G	6:g.56628233G>C	G	C	Variant of unknown origin	CRL-1621	American Type Culture Collection (ATCC)	P.O. Box 1549, Manassas, VA 20108, USA
DIS3	COSG70173	ENST00000377780.8	COSS687459	TCCSUP	COSO27964862	COSV66708376	COSM1944507	119996911	c.1855A>G	p.I619V	missense_variant	het	u	13	72765997	72765997	-		COSU619	ENSP00000367011.4:p.Ile619Val	ENST00000377780.8:c.1855A>G	13:g.72765997T>C	T	C	Variant of unknown origin	HTB-5	American Type Culture Collection (ATCC)	P.O. Box 1549, Manassas, VA 20108, USA
KCNJ5	COSG80472	ENST00000529694.5	COSS998184	Jurkat	COSO27985099	COSV57964683	COSM541740	159377183	c.312C>T	p.F104=	synonymous_variant	het	u	11	128911585	128911585	+		COSU619	ENSP00000433295.1:p.Phe104=	ENST00000529694.5:c.312C>T	11:g.128911585C>T	C	T	Variant of unknown origin			
KCNJ5	COSG80472	ENST00000529694.5	COSS1303896	GA-10	COSO27984797	COSV57964683	COSM541740	159377183	c.312C>T	p.F104=	synonymous_variant	het	u	11	128911585	128911585	+		COSU619	ENSP00000433295.1:p.Phe104=	ENST00000529694.5:c.312C>T	11:g.128911585C>T	C	T	Variant of unknown origin		UNKNOWN	UNKNOWN
TMEM131	COSG112021	ENST00000186436.9	COSS1240132	H2595	COSO30105680	COSV51778203	COSN14016427	103958422	c.1013-75T>C	p.?	intron_variant	het	u	2	97833501	97833501	-		COSU619		ENST00000186436.9:c.1013-75T>C	2:g.97833501A>G	A	G	Variant of unknown origin		The University of Hong Kong	Queen Mary Hospital, Hong Kong
GPR61	COSG89691	ENST00000618721.4	COSS1659823	SNU-1040	COSO28864826	COSV63984185	COSM2117908	182264138	c.1058G>T	p.S353I	missense_variant	het	u	1	109544080	109544080	+		COSU619	ENSP00000484797.1:p.Ser353Ile	ENST00000618721.4:c.1058G>T	1:g.109544080G>T	G	T	Variant of unknown origin		Korean Cell Line Bank	Laboratory of Cell Biology, Cancer Research Center and Cancer Research Institute, Seoul National University College of Medicine, Seoul
ANKDD1A	COSG74593	ENST00000496660.5	COSS1299075	VCaP	COSO32054826	COSV60354389	COSN13633211	149680307	c.93+42T>C	p.?	intron_variant	het	u	15	64922061	64922061	+		COSU619		ENST00000496660.5:c.93+42T>C	15:g.64922061T>C	T	C	Variant of unknown origin		UNKNOWN	UNKNOWN
RPS6KC1	COSG94727	ENST00000366959.4	COSS1298160	K2	COSO32666078	COSV65300789	COSN13515423	118637573	c.3055-52C>T	p.?	intron_variant	het	u	1	213272472	213272472	+		COSU619		ENST00000366959.4:c.3055-52C>T	1:g.213272472C>T	C	T	Variant of unknown origin		UNKNOWN	UNKNOWN
TTC37	COSG59643	ENST00000358746.6	COSS906814	COLO-792	COSO32666078	COSV62457648	COSM3141629	115948680	c.3968C>T	p.S1323F	missense_variant	het	u	5	95484809	95484809	-		COSU619	ENSP00000351596.2:p.Ser1323Phe	ENST00000358746.6:c.3968C>T	5:g.95484809G>A	G	A	Variant of unknown origin	93052616	European Collection of Cell Cultures	Health Protection Agency,Porton Down,Salisbury,Wiltshire,SP40JG, UK
PCDHA2	COSG82723	ENST00000526136.1	COSS906818	COLO-679	COSO32666078	COSV56559620	COSM3241166	158408725	c.2388+79233G>A	p.?	intron_variant	het	u	5	140876585	140876585	+		COSU619		ENST00000526136.1:c.2388+79233G>A	5:g.140876585G>A	G	A	Variant of unknown origin	RCB0989	Cell Bank, RIKEN BioResource Center	3-1-1 Koyadai, Tsukuba, Ibaraki, 305-0074, Japan
STXBP1	COSG60476	ENST00000373302.7	COSS907059	HN	COSO30834830	COSV64816154	COSM3325705	118409972	c.1065G>T	p.M355I	missense_variant	het	u	9	127673216	127673216	+		COSU619	ENSP00000362399.3:p.Met355Ile	ENST00000373302.7:c.1065G>T	9:g.127673216G>T	G	T	Variant of unknown origin	ACC417	German Collection of Microorganisms and Cell Cultures,	 Braunschweig, Germany
EEF2K	COSG63151	ENST00000263026.9	COSS717431	SK-N-SH	COSO27774843	COSV53778871	COSN13659905	106244315	c.2069-19C>T	p.?	intron_variant	het	u	16	22283868	22283868	+		COSU619		ENST00000263026.9:c.2069-19C>T	16:g.22283868C>T	C	T	Variant of unknown origin			
TTN	COSG105957	ENST00000589042.5	COSS908141	ML-2	COSO27984914	COSV60463232	COSN13954766	173970172	c.3380+47G>A	p.?	intron_variant	het	u	2	178782165	178782165	-		COSU619		ENST00000589042.5:c.3380+47G>A	2:g.178782165C>T	C	T	Variant of unknown origin	ACC15	German Collection of Microorganisms and Cell Cultures,	 Braunschweig, Germany
FAM193A	COSG99584	ENST00000545951.5	COSS1503367	ESO51	COSO31394862	COSV61191940	COSN14108506	165529673	c.439-143G>A	p.?	intron_variant	het	u	4	2657660	2657660	+		COSU619		ENST00000545951.5:c.439-143G>A	4:g.2657660G>A	G	A	Variant of unknown origin			
KCNMA1	COSG96591	ENST00000639544.1	COSS753578	LB2241-RCC	COSO29645555	COSV54263008	COSN13286585	188735828	c.1523+73T>C	p.?	intron_variant	het	u	10	77084564	77084564	-		COSU619		ENST00000639544.1:c.1523+73T>C	10:g.77084564A>G	A	G	Variant of unknown origin		Ludwig Institute for Cancer Research, Brussels branch	74 avenue Hippocrate (UCL 74.59).Building ICP-LICR 74, 2nd Floor,B-1200  Brussels, Belgium
VRK3	COSG95413	ENST00000316763.7	COSS909748	SW1463	COSO28664826	COSV57469093	COSN13821617	106724122	c.289+19C>A	p.?	intron_variant	het	u	19	50009217	50009217	-		COSU619		ENST00000316763.7:c.289+19C>A	19:g.50009217G>T	G	T	Variant of unknown origin	CCL-234	American Type Culture Collection (ATCC)	P.O. Box 1549, Manassas, VA 20108, USA
FAM126A	COSG105205	ENST00000432176.6	COSS688006	NCI-H1694	COSO29915333	COSV69473007	COSN14280184	133233462	c.992-54A>G	p.?	intron_variant	hom	u	7	22946217	22946217	-		COSU619		ENST00000432176.6:c.992-54A>G	7:g.22946217T>C	T	C	Variant of unknown origin	CRL-5888	American Type Culture Collection (ATCC)	P.O. Box 1549, Manassas, VA 20108, USA
ARHGEF12	COSG109622	ENST00000532993.5	COSS905971	HCC2998	COSO28584826	COSV63106791	COSN13306152	159770763	c.276+14A>C	p.?	intron_variant	het	u	11	120428261	120428261	+		COSU619		ENST00000532993.5:c.276+14A>C	11:g.120428261A>C	A	C	Variant of unknown origin		Developmental Therapeutics Program	National Cancer Institute,Frederick,MD 21701
ARHGEF12	COSG109622	ENST00000532993.5	COSS1660036	SNU-81	COSO28864826	COSV63106791	COSN13306152	159770763	c.276+14A>C	p.?	intron_variant	het	u	11	120428261	120428261	+		COSU619		ENST00000532993.5:c.276+14A>C	11:g.120428261A>C	A	C	Variant of unknown origin		Korean Cell Line Bank	Laboratory of Cell Biology, Cancer Research Center and Cancer Research Institute, Seoul National University College of Medicine, Seoul
GNB3	COSG88721	ENST00000229264.7	COSS906831	Daudi	COSO27984797	COSV51833993	COSM2099561	103810568	c.417T>C	p.L139=	synonymous_variant	het	u	12	6843512	6843512	+		COSU619	ENSP00000229264.3:p.Leu139=	ENST00000229264.7:c.417T>C	12:g.6843512T>C	T	C	Variant of unknown origin	CCL-213	American Type Culture Collection (ATCC)	P.O. Box 1549, Manassas, VA 20108, USA
FBXO46	COSG96581	ENST00000317683.3	COSS998184	Jurkat	COSO27985099	COSV58348200	COSM3104502	107679170	c.952G>A	p.A318T	missense_variant	het	u	19	45712544	45712544	-		COSU619	ENSP00000410007.1:p.Ala318Thr	ENST00000317683.3:c.952G>A	19:g.45712544C>T	C	T	Variant of unknown origin			
GYPB	COSG109248	ENST00000502664.5	COSS907289	HT-115	COSO28584862	COSV51640497	COSM3126504	151084606	c.152T>G	p.L51R	missense_variant	het	u	4	143999434	143999434	-		COSU619	ENSP00000427690.1:p.Leu51Arg	ENST00000502664.5:c.152T>G	4:g.143999434A>C	A	C	Variant of unknown origin	85061104	European Collection of Cell Cultures	Health Protection Agency,Porton Down,Salisbury,Wiltshire,SP40JG, UK
TAX1BP1	COSG114949	ENST00000543117.5	COSS930082	RL95-2	COSO29025473	COSV55298476	COSM3027525	162495707	c.200T>C	p.L67S	missense_variant	het	u	7	27758068	27758068	+		COSU619	ENSP00000444811.1:p.Leu67Ser	ENST00000543117.5:c.200T>C	7:g.27758068T>C	T	C	Variant of unknown origin	CRL-1671	American Type Culture Collection (ATCC)	P.O. Box 1549, Manassas, VA 20108, USA
SHROOM3	COSG83251	ENST00000296043.6	COSS1240127	EN	COSO29024862	COSV56032314	COSM2832333	105910609	c.2181dup	p.R728Efs*81	frameshift_variant	het	u	4	76740354	76740355	+		COSU619	ENSP00000296043.6:p.Arg728GlufsTer81	ENST00000296043.6:c.2181dup	4:g.76740354dup		G	Variant of unknown origin		The University of Hong Kong	Queen Mary Hospital, Hong Kong
GPD2	COSG90338	ENST00000540309.5	COSS909709	SCC-9	COSO31034830	COSV60098320	COSM3299627	163089454	c.300A>G	p.R100=	synonymous_variant	het	u	2	156510821	156510821	+		COSU619	ENSP00000440892.1:p.Arg100=	ENST00000540309.5:c.300A>G	2:g.156510821A>G	A	G	Variant of unknown origin	CRL-1629	American Type Culture Collection (ATCC)	P.O. Box 1549, Manassas, VA 20108, USA
SCN9A	COSG61110	ENST00000644316.1	COSS906798	639-V	COSO36364881	COSV57630060	COSM3313370	187818271	c.3595-1G>T	p.?	splice_acceptor_variant	het	u	2	166238268	166238268	-		COSU619		ENST00000644316.1:c.3595-1G>T	2:g.166238268C>A	C	A	Variant of unknown origin	ACC413	German Collection of Microorganisms and Cell Cultures,	 Braunschweig, Germany
SEC14L3	COSG103627	ENST00000403066.5	COSS909194	NCI-H748	COSO29915333	COSV53182270	COSN13909855	126526513	c.904+1037G>A	p.?	intron_variant	hom	u	22	30460273	30460273	-		COSU619		ENST00000403066.5:c.904+1037G>A	22:g.30460273C>T	C	T	Variant of unknown origin	CRL-5841	American Type Culture Collection (ATCC)	P.O. Box 1549, Manassas, VA 20108, USA
AFP	COSG68851	ENST00000395792.6	COSS905958	MOLT-4	COSO27984916	COSV56927623	COSN14123197	127593737	c.86-118T>G	p.?	intron_variant	het	u	4	73437042	73437042	+		COSU619		ENST00000395792.6:c.86-118T>G	4:g.73437042T>G	T	G	Variant of unknown origin		Developmental Therapeutics Program	National Cancer Institute,Frederick,MD 21701
LSP1	COSG96893	ENST00000381775.5	COSS1298160	K2	COSO32666078	COSV61135639	COSN13315736	123469727	c.437+3352G>A	p.?	intron_variant	hom	u	11	1870263	1870263	+		COSU619		ENST00000381775.5:c.437+3352G>A	11:g.1870263G>A	G	A	Variant of unknown origin		UNKNOWN	UNKNOWN
LDB3	COSG84893	ENST00000372056.8	COSS908467	NCI-H1155	COSO299110138	COSV53941690	COSN13288691	117559340	c.690-1509C>T	p.?	intron_variant	het	u	10	86685560	86685560	+		COSU619		ENST00000372056.8:c.690-1509C>T	10:g.86685560C>T	C	T	Variant of unknown origin	CRL-5818	American Type Culture Collection (ATCC)	P.O. Box 1549, Manassas, VA 20108, USA
AOX1	COSG104759	ENST00000374700.6	COSS949166	EW-13	COSO28065222	COSV53497573	COSN13962089	120105169	c.3799-92A>G	p.?	intron_variant	het	u	2	200669483	200669483	+		COSU619		ENST00000374700.6:c.3799-92A>G	2:g.200669483A>G	A	G	Variant of unknown origin		IARC	 International Agency for Cancer Research, 150 cours Albert-Thomas, 69372 Lyon Cedex 08 France, Tel: ++33 4 72 73 84 85 Fax: ++33 4 72 73 85 75
PDS5B	COSG67699	ENST00000315596.14	COSS1503364	SK-GT-2	COSO36004862	COSV59723828	COSM2071741	110540476	c.1707A>C	p.P569=	synonymous_variant	het	u	13	32699836	32699836	+		COSU619	ENSP00000313851.10:p.Pro569=	ENST00000315596.14:c.1707A>C	13:g.32699836A>C	A	C	Variant of unknown origin			
AFF1	COSG69615	ENST00000307808.10	COSS908458	NCI-H716	COSO28584826	COSV57122887	COSM2956988	108787253	c.2847C>T	p.N949=	synonymous_variant	het	u	4	87127082	87127082	+		COSU619	ENSP00000305689.6:p.Asn949=	ENST00000307808.10:c.2847C>T	4:g.87127082C>T	C	T	Variant of unknown origin	CCL-251	American Type Culture Collection (ATCC)	P.O. Box 1549, Manassas, VA 20108, USA
CASK	COSG103015	ENST00000442742.7	COSS906877	GR-ST	COSO27984916	COSV59363855	COSM188135	136167801	c.430-24326C>T	p.?	intron_variant	het	u	X	41695856	41695856	-		COSU619		ENST00000442742.7:c.430-24326C>T	X:g.41695856G>A	G	A	Variant of unknown origin	RCB1182	Cell Bank, RIKEN BioResource Center	3-1-1 Koyadai, Tsukuba, Ibaraki, 305-0074, Japan
DDX24	COSG82489	ENST00000544005.5	COSS1240127	EN	COSO29024862	COSV58212864	COSM2252998	164763163	c.957T>C	p.H319=	synonymous_variant	het	u	14	94060304	94060304	-		COSU619	ENSP00000440623.1:p.His319=	ENST00000544005.5:c.957T>C	14:g.94060304A>G	A	G	Variant of unknown origin		The University of Hong Kong	Queen Mary Hospital, Hong Kong
CCNA1	COSG110182	ENST00000255465.6	COSS925346	PANC-03-27	COSO29005278	COSV55225205	COSN13439572	107729506	c.545-57T>A	p.?	intron_variant	het	u	13	36438010	36438010	+		COSU619		ENST00000255465.6:c.545-57T>A	13:g.36438010T>A	T	A	Variant of unknown origin	CRL-2549	American Type Culture Collection (ATCC)	P.O. Box 1549, Manassas, VA 20108, USA
PCNX2	COSG107764	ENST00000258229.13	COSS1303910	Sarc9371	COSO28065226	COSV50786474	COSN17160355	104541957	c.5604-34C>T	p.?	intron_variant	het	u	1	232998472	232998472	-		COSU619		ENST00000258229.13:c.5604-34C>T	1:g.232998472G>A	G	A	Variant of unknown origin		UNKNOWN	UNKNOWN
TLE2	COSG102112	ENST00000426948.6	COSS908444	NCI-SNU-1	COSO36004826	COSV53584259	COSN13795831	133996620	c.1542+109G>A	p.?	intron_variant	het	u	19	3006311	3006311	-		COSU619		ENST00000426948.6:c.1542+109G>A	19:g.3006311C>T	C	T	Variant of unknown origin	CRL-5971	American Type Culture Collection (ATCC)	P.O. Box 1549, Manassas, VA 20108, USA
PCDH15	COSG107976	ENST00000613657.4	COSS1331035	SU-DHL-4	COSO27984799	COSV57352353	COSM2146855	181588925	c.4409+3259G>A	p.?	intron_variant	het	u	10	53821877	53821877	-		COSU619		ENST00000613657.4:c.4409+3259G>A	10:g.53821877C>T	C	T	Variant of unknown origin	ACC 495	German Collection of Microorganisms and Cell Cultures,	 Braunschweig, Germany
GRK3	COSG90055	ENST00000324198.10	COSS907043	H9	COSO29096562	COSV60798815	COSM2935056	110878824	c.1329-5T>A	p.?	intron_variant,splice_region_variant	het	u	22	25709893	25709893	+		COSU619		ENST00000324198.10:c.1329-5T>A	22:g.25709893T>A	T	A	Variant of unknown origin	HTB-176	American Type Culture Collection (ATCC)	P.O. Box 1549, Manassas, VA 20108, USA
HACD3	COSG110132	ENST00000568793.5	COSS910853	CHL-1	COSO32666078	COSV56013557	COSN13633875	169992666	c.805+68C>T	p.?	intron_variant	het	u	15	65571722	65571722	+		COSU619		ENST00000568793.5:c.805+68C>T	15:g.65571722C>T	C	T	Variant of unknown origin	CRL-9446	American Type Culture Collection (ATCC)	P.O. Box 1549, Manassas, VA 20108, USA
DOCK4	COSG80604	ENST00000428084.5	COSS946355	TE-6	COSO31394830	COSV69856061	COSN14252709	132167179	c.3525-41G>C	p.?	intron_variant	hom	u	7	111782965	111782965	-		COSU619		ENST00000428084.5:c.3525-41G>C	7:g.111782965C>G	C	G	Variant of unknown origin		University of Pennsylvania Health System	Department of Medicine, Gastroenterolgy Division, 600 Clinical Building, 415 Curie Boulevard, Philadelphia, PA 19104-6140
DOCK4	COSG80604	ENST00000428084.5	COSS753614	TE-15	COSO31394862	COSV69856061	COSN14252709	132167179	c.3525-41G>C	p.?	intron_variant	het	u	7	111782965	111782965	-		COSU619		ENST00000428084.5:c.3525-41G>C	7:g.111782965C>G	C	G	Variant of unknown origin		University of Pennsylvania Health System	Department of Medicine, Gastroenterolgy Division, 600 Clinical Building, 415 Curie Boulevard, Philadelphia, PA 19104-6140
RPS10-NUDT3	COSG97315	ENST00000639725.1	COSS1659823	SNU-1040	COSO28864826	COSV74119370	COSN14222717	189479337	c.697+19G>A	p.?	intron_variant	het	u	6	34293432	34293432	-		COSU619		ENST00000639725.1:c.697+19G>A	6:g.34293432C>T	C	T	Variant of unknown origin		Korean Cell Line Bank	Laboratory of Cell Biology, Cancer Research Center and Cancer Research Institute, Seoul National University College of Medicine, Seoul
GPR108	COSG64355	ENST00000430424.8	COSS905955	SK-MEL-2	COSO33456078	COSV51185781	COSM2727986	133958095	c.766C>T	p.P256S	missense_variant	het	u	19	6731054	6731054	-		COSU619	ENSP00000401284.2:p.Pro256Ser	ENST00000430424.8:c.766C>T	19:g.6731054G>A	G	A	Variant of unknown origin		Developmental Therapeutics Program	National Cancer Institute,Frederick,MD 21701
TRAF3	COSG57891	ENST00000392745.6	COSS910916	CAL-27	COSO31034830	COSV61024057	COSM2025199	123893219	c.838G>A	p.E280K	missense_variant	het	u	14	102897279	102897279	+		COSU619	ENSP00000376500.2:p.Glu280Lys	ENST00000392745.6:c.838G>A	14:g.102897279G>A	G	A	Variant of unknown origin	ACC446	German Collection of Microorganisms and Cell Cultures,	 Braunschweig, Germany
DNAH12	COSG107283	ENST00000495027.5	COSS1659823	SNU-1040	COSO28864826	COSV61062951	COSM2782099	149628039	c.1661G>A	p.R554H	missense_variant	het	u	3	57472661	57472661	-		COSU619	ENSP00000418137.2:p.Arg554His	ENST00000495027.5:c.1661G>A	3:g.57472661C>T	C	T	Variant of unknown origin		Korean Cell Line Bank	Laboratory of Cell Biology, Cancer Research Center and Cancer Research Institute, Seoul National University College of Medicine, Seoul
MAMDC4	COSG83927	ENST00000445819.5	COSS925343	MFH-ino	COSO31355754	COSV58075946	COSM3216557	138246568	c.1606C>A	p.Q536K	missense_variant	hom	u	9	136856035	136856035	+		COSU619	ENSP00000411339.1:p.Gln536Lys	ENST00000445819.5:c.1606C>A	9:g.136856035C>A	C	A	Variant of unknown origin	RCB0749	Cell Bank, RIKEN BioResource Center	3-1-1 Koyadai, Tsukuba, Ibaraki, 305-0074, Japan
BICD1	COSG88323	ENST00000548411.5	COSS909774	TYK-nu	COSO30134883	COSV55674375	COSM2205786	164524970	c.142C>G	p.L48V	missense_variant	het	u	12	32107473	32107473	+		COSU619	ENSP00000446793.1:p.Leu48Val	ENST00000548411.5:c.142C>G	12:g.32107473C>G	C	G	Variant of unknown origin	JCRB0234.0	JCRB Cell Bank, National Institutes of Biomedical Innovation, Health and Nutrition	7-6-8 Saito-Asagi, Ibaraki, Osaka 567-0085, Japan
PCNX2	COSG107764	ENST00000344698.6	COSS1303910	Sarc9371	COSO28065226	COSV50786474	COSN17160355	113125729	c.1560-34C>T	p.?	intron_variant	het	u	1	232998472	232998472	-		COSU619		ENST00000344698.6:c.1560-34C>T	1:g.232998472G>A	G	A	Variant of unknown origin		UNKNOWN	UNKNOWN
MTA1	COSG88389	ENST00000406191.5	COSS909699	RMG-I	COSO30135332	COSV58760046	COSN13573908	127862024	c.190+62G>A	p.?	intron_variant	het	u	14	105445573	105445573	+		COSU619		ENST00000406191.5:c.190+62G>A	14:g.105445573G>A	G	A	Variant of unknown origin	IFO50315	JCRB Cell Bank, National Institutes of Biomedical Innovation, Health and Nutrition	7-6-8 Saito-Asagi, Ibaraki, Osaka 567-0085, Japan
MTA1	COSG88389	ENST00000406191.5	COSS909904	YAPC	COSO29005278	COSV58760046	COSN13573908	127862024	c.190+62G>A	p.?	intron_variant	het	u	14	105445573	105445573	+		COSU619		ENST00000406191.5:c.190+62G>A	14:g.105445573G>A	G	A	Variant of unknown origin	ACC382	German Collection of Microorganisms and Cell Cultures,	 Braunschweig, Germany
GRM1	COSG77927	ENST00000282753.5	COSS906862	EVSA-T	COSO28394862	COSV51285653	COSM3017871	108133329	c.2259G>A	p.V753=	synonymous_variant	het	u	6	146399298	146399298	+		COSU619	ENSP00000282753.1:p.Val753=	ENST00000282753.5:c.2259G>A	6:g.146399298G>A	G	A	Variant of unknown origin	ACC433	German Collection of Microorganisms and Cell Cultures,	 Braunschweig, Germany
DEPDC5	COSG79578	ENST00000535622.6	COSS998184	Jurkat	COSO27985099	COSV56694671	COSN13911421	163870488	c.4220-38C>G	p.?	intron_variant	het	u	22	31906167	31906167	+		COSU619		ENST00000535622.6:c.4220-38C>G	22:g.31906167C>G	C	G	Variant of unknown origin			
ZDHHC3	COSG83866	ENST00000296127.7	COSS908451	NOMO-1	COSO27984972	COSV56103391	COSM3067504	105992663	c.966G>A	p.P322=	synonymous_variant	het	u	3	44926707	44926707	-		COSU619	ENSP00000296127.3:p.Pro322=	ENST00000296127.7:c.966G>A	3:g.44926707C>T	C	T	Variant of unknown origin	IFO50474	JCRB Cell Bank, National Institutes of Biomedical Innovation, Health and Nutrition	7-6-8 Saito-Asagi, Ibaraki, Osaka 567-0085, Japan
NCAM1	COSG102011	ENST00000615285.4	COSS1240143	HCC-15	COSO29914830	COSV57511820	COSN13301278	180717195	c.1318+109C>T	p.?	intron_variant	het	u	11	113231904	113231904	+		COSU619		ENST00000615285.4:c.1318+109C>T	11:g.113231904C>T	C	T	Variant of unknown origin		The University of Hong Kong	Queen Mary Hospital, Hong Kong
