SAMPLE_NAME	COSMIC_SAMPLE_ID	GENE_SYMBOL	COSMIC_GENE_ID	TRANSCRIPT_ACCESSION	CENSUS_GENE	DRUG_NAME	DRUG_RESPONSE	GENOMIC_MUTATION_ID	LEGACY_MUTATION_ID	MUTATION_ID	MUTATION_AA	MUTATION_CDS	GENOMIC_WT_ALLELE	GENOMIC_MUT_ALLELE	COSMIC_PHENOTYPE_ID	PUBMED_PMID	COSMIC_STUDY_ID	MUTATION_ZYGOSITY	CHROMOSOME	GENOME_START	GENOME_STOP	STRAND	HGVSP	HGVSC	HGVSG	MUTATION_SOMATIC_STATUS
1000815	COSS1000815	EGFR	COSG73399	ENST00000275493.6	Yes	Gefitinib	Gefitinib clinical resistant recurrence	COSV51765492	COSM6240	178601678	p.T790M	c.2369C>T	C	T	COSO29974826	16983123			7	55181378	55181378	+	ENSP00000275493.2:p.Thr790Met	ENST00000275493.6:c.2369C>T	7:g.55181378C>T	Reported in another cancer sample as somatic
1000815	COSS1000815	EGFR	COSG73399	ENST00000454757.6	Yes	Gefitinib	Gefitinib clinical resistant recurrence	COSV51765492	COSM6240	138108736	p.T745M	c.2234C>T	C	T	COSO29974826	16983123			7	55181378	55181378	+	ENSP00000395243.3:p.Thr745Met	ENST00000454757.6:c.2234C>T	7:g.55181378C>T	Reported in another cancer sample as somatic
1000815	COSS1000815	EGFR	COSG73399	ENST00000455089.5	Yes	Gefitinib	Gefitinib clinical resistant recurrence	COSV51765492	COSM6240	138834457	p.T745M	c.2234C>T	C	T	COSO29974826	16983123			7	55181378	55181378	+	ENSP00000415559.1:p.Thr745Met	ENST00000455089.5:c.2234C>T	7:g.55181378C>T	Reported in another cancer sample as somatic
1000815	COSS1000815	EGFR	COSG73399	ENST00000638463.1	Yes	Gefitinib	Gefitinib clinical resistant recurrence	COSV51765492	COSM6240	189037276	p.?	c.*359C>T	C	T	COSO29974826	16983123			7	55181378	55181378	+		ENST00000638463.1:c.*359C>T	7:g.55181378C>T	Reported in another cancer sample as somatic
1000816	COSS1000816	EGFR	COSG73399	ENST00000275493.6	Yes	Gefitinib	Gefitinib clinical resistant recurrence	COSV51765492	COSM6240	178601678	p.T790M	c.2369C>T	C	T	COSO29974826	16983123			7	55181378	55181378	+	ENSP00000275493.2:p.Thr790Met	ENST00000275493.6:c.2369C>T	7:g.55181378C>T	Reported in another cancer sample as somatic
1000816	COSS1000816	EGFR	COSG73399	ENST00000454757.6	Yes	Gefitinib	Gefitinib clinical resistant recurrence	COSV51765492	COSM6240	138108736	p.T745M	c.2234C>T	C	T	COSO29974826	16983123			7	55181378	55181378	+	ENSP00000395243.3:p.Thr745Met	ENST00000454757.6:c.2234C>T	7:g.55181378C>T	Reported in another cancer sample as somatic
1000816	COSS1000816	EGFR	COSG73399	ENST00000455089.5	Yes	Gefitinib	Gefitinib clinical resistant recurrence	COSV51765492	COSM6240	138834457	p.T745M	c.2234C>T	C	T	COSO29974826	16983123			7	55181378	55181378	+	ENSP00000415559.1:p.Thr745Met	ENST00000455089.5:c.2234C>T	7:g.55181378C>T	Reported in another cancer sample as somatic
1000816	COSS1000816	EGFR	COSG73399	ENST00000638463.1	Yes	Gefitinib	Gefitinib clinical resistant recurrence	COSV51765492	COSM6240	189037276	p.?	c.*359C>T	C	T	COSO29974826	16983123			7	55181378	55181378	+		ENST00000638463.1:c.*359C>T	7:g.55181378C>T	Reported in another cancer sample as somatic
1000817	COSS1000817	EGFR	COSG73399	ENST00000275493.6	Yes	Gefitinib	Gefitinib clinical resistant recurrence	COSV51765492	COSM6240	178601678	p.T790M	c.2369C>T	C	T	COSO29974826	16983123			7	55181378	55181378	+	ENSP00000275493.2:p.Thr790Met	ENST00000275493.6:c.2369C>T	7:g.55181378C>T	Reported in another cancer sample as somatic
1000817	COSS1000817	EGFR	COSG73399	ENST00000454757.6	Yes	Gefitinib	Gefitinib clinical resistant recurrence	COSV51765492	COSM6240	138108736	p.T745M	c.2234C>T	C	T	COSO29974826	16983123			7	55181378	55181378	+	ENSP00000395243.3:p.Thr745Met	ENST00000454757.6:c.2234C>T	7:g.55181378C>T	Reported in another cancer sample as somatic
1000817	COSS1000817	EGFR	COSG73399	ENST00000455089.5	Yes	Gefitinib	Gefitinib clinical resistant recurrence	COSV51765492	COSM6240	138834457	p.T745M	c.2234C>T	C	T	COSO29974826	16983123			7	55181378	55181378	+	ENSP00000415559.1:p.Thr745Met	ENST00000455089.5:c.2234C>T	7:g.55181378C>T	Reported in another cancer sample as somatic
1000817	COSS1000817	EGFR	COSG73399	ENST00000638463.1	Yes	Gefitinib	Gefitinib clinical resistant recurrence	COSV51765492	COSM6240	189037276	p.?	c.*359C>T	C	T	COSO29974826	16983123			7	55181378	55181378	+		ENST00000638463.1:c.*359C>T	7:g.55181378C>T	Reported in another cancer sample as somatic
1024758	COSS1024758	EGFR	COSG73399	ENST00000275493.6	Yes	Gefitinib	Gefitinib clinical resistant recurrence	COSV51765492	COSM6240	178601678	p.T790M	c.2369C>T	C	T	COSO29914826	17020982			7	55181378	55181378	+	ENSP00000275493.2:p.Thr790Met	ENST00000275493.6:c.2369C>T	7:g.55181378C>T	Reported in another cancer sample as somatic
1024758	COSS1024758	EGFR	COSG73399	ENST00000454757.6	Yes	Gefitinib	Gefitinib clinical resistant recurrence	COSV51765492	COSM6240	138108736	p.T745M	c.2234C>T	C	T	COSO29914826	17020982			7	55181378	55181378	+	ENSP00000395243.3:p.Thr745Met	ENST00000454757.6:c.2234C>T	7:g.55181378C>T	Reported in another cancer sample as somatic
1024758	COSS1024758	EGFR	COSG73399	ENST00000455089.5	Yes	Gefitinib	Gefitinib clinical resistant recurrence	COSV51765492	COSM6240	138834457	p.T745M	c.2234C>T	C	T	COSO29914826	17020982			7	55181378	55181378	+	ENSP00000415559.1:p.Thr745Met	ENST00000455089.5:c.2234C>T	7:g.55181378C>T	Reported in another cancer sample as somatic
1024758	COSS1024758	EGFR	COSG73399	ENST00000638463.1	Yes	Gefitinib	Gefitinib clinical resistant recurrence	COSV51765492	COSM6240	189037276	p.?	c.*359C>T	C	T	COSO29914826	17020982			7	55181378	55181378	+		ENST00000638463.1:c.*359C>T	7:g.55181378C>T	Reported in another cancer sample as somatic
1024765	COSS1024765	EGFR	COSG73399	ENST00000275493.6	Yes	Gefitinib	Gefitinib clinical resistant recurrence	COSV51765492	COSM6240	178601678	p.T790M	c.2369C>T	C	T	COSO29914826	17020982			7	55181378	55181378	+	ENSP00000275493.2:p.Thr790Met	ENST00000275493.6:c.2369C>T	7:g.55181378C>T	Reported in another cancer sample as somatic
1024765	COSS1024765	EGFR	COSG73399	ENST00000454757.6	Yes	Gefitinib	Gefitinib clinical resistant recurrence	COSV51765492	COSM6240	138108736	p.T745M	c.2234C>T	C	T	COSO29914826	17020982			7	55181378	55181378	+	ENSP00000395243.3:p.Thr745Met	ENST00000454757.6:c.2234C>T	7:g.55181378C>T	Reported in another cancer sample as somatic
1024765	COSS1024765	EGFR	COSG73399	ENST00000455089.5	Yes	Gefitinib	Gefitinib clinical resistant recurrence	COSV51765492	COSM6240	138834457	p.T745M	c.2234C>T	C	T	COSO29914826	17020982			7	55181378	55181378	+	ENSP00000415559.1:p.Thr745Met	ENST00000455089.5:c.2234C>T	7:g.55181378C>T	Reported in another cancer sample as somatic
1024765	COSS1024765	EGFR	COSG73399	ENST00000638463.1	Yes	Gefitinib	Gefitinib clinical resistant recurrence	COSV51765492	COSM6240	189037276	p.?	c.*359C>T	C	T	COSO29914826	17020982			7	55181378	55181378	+		ENST00000638463.1:c.*359C>T	7:g.55181378C>T	Reported in another cancer sample as somatic
1024766	COSS1024766	EGFR	COSG73399	ENST00000275493.6	Yes	Gefitinib	Gefitinib clinical resistant recurrence	COSV51765492	COSM6240	178601678	p.T790M	c.2369C>T	C	T	COSO29914826	17020982			7	55181378	55181378	+	ENSP00000275493.2:p.Thr790Met	ENST00000275493.6:c.2369C>T	7:g.55181378C>T	Reported in another cancer sample as somatic
1024766	COSS1024766	EGFR	COSG73399	ENST00000454757.6	Yes	Gefitinib	Gefitinib clinical resistant recurrence	COSV51765492	COSM6240	138108736	p.T745M	c.2234C>T	C	T	COSO29914826	17020982			7	55181378	55181378	+	ENSP00000395243.3:p.Thr745Met	ENST00000454757.6:c.2234C>T	7:g.55181378C>T	Reported in another cancer sample as somatic
1024766	COSS1024766	EGFR	COSG73399	ENST00000455089.5	Yes	Gefitinib	Gefitinib clinical resistant recurrence	COSV51765492	COSM6240	138834457	p.T745M	c.2234C>T	C	T	COSO29914826	17020982			7	55181378	55181378	+	ENSP00000415559.1:p.Thr745Met	ENST00000455089.5:c.2234C>T	7:g.55181378C>T	Reported in another cancer sample as somatic
1024766	COSS1024766	EGFR	COSG73399	ENST00000638463.1	Yes	Gefitinib	Gefitinib clinical resistant recurrence	COSV51765492	COSM6240	189037276	p.?	c.*359C>T	C	T	COSO29914826	17020982			7	55181378	55181378	+		ENST00000638463.1:c.*359C>T	7:g.55181378C>T	Reported in another cancer sample as somatic
1024768	COSS1024768	EGFR	COSG73399	ENST00000275493.6	Yes	Gefitinib	Gefitinib clinical resistant recurrence	COSV51765492	COSM6240	178601678	p.T790M	c.2369C>T	C	T	COSO29914826	17020982			7	55181378	55181378	+	ENSP00000275493.2:p.Thr790Met	ENST00000275493.6:c.2369C>T	7:g.55181378C>T	Reported in another cancer sample as somatic
1024768	COSS1024768	EGFR	COSG73399	ENST00000454757.6	Yes	Gefitinib	Gefitinib clinical resistant recurrence	COSV51765492	COSM6240	138108736	p.T745M	c.2234C>T	C	T	COSO29914826	17020982			7	55181378	55181378	+	ENSP00000395243.3:p.Thr745Met	ENST00000454757.6:c.2234C>T	7:g.55181378C>T	Reported in another cancer sample as somatic
1024768	COSS1024768	EGFR	COSG73399	ENST00000455089.5	Yes	Gefitinib	Gefitinib clinical resistant recurrence	COSV51765492	COSM6240	138834457	p.T745M	c.2234C>T	C	T	COSO29914826	17020982			7	55181378	55181378	+	ENSP00000415559.1:p.Thr745Met	ENST00000455089.5:c.2234C>T	7:g.55181378C>T	Reported in another cancer sample as somatic
1024768	COSS1024768	EGFR	COSG73399	ENST00000638463.1	Yes	Gefitinib	Gefitinib clinical resistant recurrence	COSV51765492	COSM6240	189037276	p.?	c.*359C>T	C	T	COSO29914826	17020982			7	55181378	55181378	+		ENST00000638463.1:c.*359C>T	7:g.55181378C>T	Reported in another cancer sample as somatic
1024775	COSS1024775	EGFR	COSG73399	ENST00000275493.6	Yes	Gefitinib	Gefitinib clinical resistant recurrence	COSV51765492	COSM6240	178601678	p.T790M	c.2369C>T	C	T	COSO29914826	17020982		het	7	55181378	55181378	+	ENSP00000275493.2:p.Thr790Met	ENST00000275493.6:c.2369C>T	7:g.55181378C>T	Reported in another cancer sample as somatic
1024775	COSS1024775	EGFR	COSG73399	ENST00000454757.6	Yes	Gefitinib	Gefitinib clinical resistant recurrence	COSV51765492	COSM6240	138108736	p.T745M	c.2234C>T	C	T	COSO29914826	17020982		het	7	55181378	55181378	+	ENSP00000395243.3:p.Thr745Met	ENST00000454757.6:c.2234C>T	7:g.55181378C>T	Reported in another cancer sample as somatic
1024775	COSS1024775	EGFR	COSG73399	ENST00000455089.5	Yes	Gefitinib	Gefitinib clinical resistant recurrence	COSV51765492	COSM6240	138834457	p.T745M	c.2234C>T	C	T	COSO29914826	17020982		het	7	55181378	55181378	+	ENSP00000415559.1:p.Thr745Met	ENST00000455089.5:c.2234C>T	7:g.55181378C>T	Reported in another cancer sample as somatic
1024775	COSS1024775	EGFR	COSG73399	ENST00000638463.1	Yes	Gefitinib	Gefitinib clinical resistant recurrence	COSV51765492	COSM6240	189037276	p.?	c.*359C>T	C	T	COSO29914826	17020982		het	7	55181378	55181378	+		ENST00000638463.1:c.*359C>T	7:g.55181378C>T	Reported in another cancer sample as somatic
1024776	COSS1024776	EGFR	COSG73399	ENST00000275493.6	Yes	Gefitinib	Gefitinib clinical resistant recurrence	COSV51765492	COSM6240	178601678	p.T790M	c.2369C>T	C	T	COSO29914826	17020982			7	55181378	55181378	+	ENSP00000275493.2:p.Thr790Met	ENST00000275493.6:c.2369C>T	7:g.55181378C>T	Reported in another cancer sample as somatic
1024776	COSS1024776	EGFR	COSG73399	ENST00000454757.6	Yes	Gefitinib	Gefitinib clinical resistant recurrence	COSV51765492	COSM6240	138108736	p.T745M	c.2234C>T	C	T	COSO29914826	17020982			7	55181378	55181378	+	ENSP00000395243.3:p.Thr745Met	ENST00000454757.6:c.2234C>T	7:g.55181378C>T	Reported in another cancer sample as somatic
1024776	COSS1024776	EGFR	COSG73399	ENST00000455089.5	Yes	Gefitinib	Gefitinib clinical resistant recurrence	COSV51765492	COSM6240	138834457	p.T745M	c.2234C>T	C	T	COSO29914826	17020982			7	55181378	55181378	+	ENSP00000415559.1:p.Thr745Met	ENST00000455089.5:c.2234C>T	7:g.55181378C>T	Reported in another cancer sample as somatic
1024776	COSS1024776	EGFR	COSG73399	ENST00000638463.1	Yes	Gefitinib	Gefitinib clinical resistant recurrence	COSV51765492	COSM6240	189037276	p.?	c.*359C>T	C	T	COSO29914826	17020982			7	55181378	55181378	+		ENST00000638463.1:c.*359C>T	7:g.55181378C>T	Reported in another cancer sample as somatic
1024780	COSS1024780	EGFR	COSG73399	ENST00000275493.6	Yes	Gefitinib	Gefitinib clinical resistant recurrence	COSV51765492	COSM6240	178601678	p.T790M	c.2369C>T	C	T	COSO29914826	17020982			7	55181378	55181378	+	ENSP00000275493.2:p.Thr790Met	ENST00000275493.6:c.2369C>T	7:g.55181378C>T	Reported in another cancer sample as somatic
1024780	COSS1024780	EGFR	COSG73399	ENST00000454757.6	Yes	Gefitinib	Gefitinib clinical resistant recurrence	COSV51765492	COSM6240	138108736	p.T745M	c.2234C>T	C	T	COSO29914826	17020982			7	55181378	55181378	+	ENSP00000395243.3:p.Thr745Met	ENST00000454757.6:c.2234C>T	7:g.55181378C>T	Reported in another cancer sample as somatic
1024780	COSS1024780	EGFR	COSG73399	ENST00000455089.5	Yes	Gefitinib	Gefitinib clinical resistant recurrence	COSV51765492	COSM6240	138834457	p.T745M	c.2234C>T	C	T	COSO29914826	17020982			7	55181378	55181378	+	ENSP00000415559.1:p.Thr745Met	ENST00000455089.5:c.2234C>T	7:g.55181378C>T	Reported in another cancer sample as somatic
1024780	COSS1024780	EGFR	COSG73399	ENST00000638463.1	Yes	Gefitinib	Gefitinib clinical resistant recurrence	COSV51765492	COSM6240	189037276	p.?	c.*359C>T	C	T	COSO29914826	17020982			7	55181378	55181378	+		ENST00000638463.1:c.*359C>T	7:g.55181378C>T	Reported in another cancer sample as somatic
1031893	COSS1031893	EGFR	COSG73399	ENST00000275493.6	Yes	Gefitinib	Gefitinib clinical resistant recurrence	COSV51772923	COSM21984	178600931	p.D761Y	c.2281G>T	G	T	COSO29914826	17085664		het	7	55174818	55174818	+	ENSP00000275493.2:p.Asp761Tyr	ENST00000275493.6:c.2281G>T	7:g.55174818G>T	Confirmed somatic variant
1031893	COSS1031893	EGFR	COSG73399	ENST00000454757.6	Yes	Gefitinib	Gefitinib clinical resistant recurrence	COSV51772923	COSM21984	138107954	p.D716Y	c.2146G>T	G	T	COSO29914826	17085664		het	7	55174818	55174818	+	ENSP00000395243.3:p.Asp716Tyr	ENST00000454757.6:c.2146G>T	7:g.55174818G>T	Confirmed somatic variant
1031893	COSS1031893	EGFR	COSG73399	ENST00000455089.5	Yes	Gefitinib	Gefitinib clinical resistant recurrence	COSV51772923	COSM21984	138833697	p.D716Y	c.2146G>T	G	T	COSO29914826	17085664		het	7	55174818	55174818	+	ENSP00000415559.1:p.Asp716Tyr	ENST00000455089.5:c.2146G>T	7:g.55174818G>T	Confirmed somatic variant
1031893	COSS1031893	EGFR	COSG73399	ENST00000638463.1	Yes	Gefitinib	Gefitinib clinical resistant recurrence	COSV51772923	COSM21984	189036509	p.?	c.*271G>T	G	T	COSO29914826	17085664		het	7	55174818	55174818	+		ENST00000638463.1:c.*271G>T	7:g.55174818G>T	Confirmed somatic variant
1031894	COSS1031894	EGFR	COSG73399	ENST00000275493.6	Yes	Gefitinib	Gefitinib clinical resistant recurrence		COSM21943	191598378	p.T790M	c.?			COSO29914826	17085664						+	ENSP00000275493.2:p.Thr790Met			Reported in another cancer sample as somatic
1031895	COSS1031895	EGFR	COSG73399	ENST00000275493.6	Yes	Gefitinib	Gefitinib clinical resistant recurrence		COSM21943	191598378	p.T790M	c.?			COSO29914826	17085664						+	ENSP00000275493.2:p.Thr790Met			Reported in another cancer sample as somatic
1031896	COSS1031896	EGFR	COSG73399	ENST00000275493.6	Yes	Gefitinib	Gefitinib clinical resistant recurrence		COSM21943	191598378	p.T790M	c.?			COSO29914826	17085664						+	ENSP00000275493.2:p.Thr790Met			Reported in another cancer sample as somatic
1031897	COSS1031897	EGFR	COSG73399	ENST00000275493.6	Yes	Erlotinib	Erlotinib clinical resistant recurrence		COSM21943	191598378	p.T790M	c.?			COSO29914826	17085664						+	ENSP00000275493.2:p.Thr790Met			Reported in another cancer sample as somatic
1031898	COSS1031898	EGFR	COSG73399	ENST00000275493.6	Yes	Erlotinib	Erlotinib clinical resistant recurrence		COSM21943	191598378	p.T790M	c.?			COSO29914826	17085664						+	ENSP00000275493.2:p.Thr790Met			Reported in another cancer sample as somatic
1031899	COSS1031899	EGFR	COSG73399	ENST00000275493.6	Yes	Gefitinib	Gefitinib clinical resistant recurrence		COSM21943	191598378	p.T790M	c.?			COSO29914826	17085664						+	ENSP00000275493.2:p.Thr790Met			Reported in another cancer sample as somatic
1031900	COSS1031900	EGFR	COSG73399	ENST00000275493.6	Yes	Gefitinib	Gefitinib clinical resistant recurrence		COSM21943	191598378	p.T790M	c.?			COSO29914826	17085664						+	ENSP00000275493.2:p.Thr790Met			Reported in another cancer sample as somatic
1040049	COSS1040049	EGFR	COSG73399	ENST00000275493.6	Yes	Gefitinib	Gefitinib clinical resistant recurrence	COSV51765492	COSM6240	178601678	p.T790M	c.2369C>T	C	T	COSO29974826	17180521			7	55181378	55181378	+	ENSP00000275493.2:p.Thr790Met	ENST00000275493.6:c.2369C>T	7:g.55181378C>T	Reported in another cancer sample as somatic
1040049	COSS1040049	EGFR	COSG73399	ENST00000454757.6	Yes	Gefitinib	Gefitinib clinical resistant recurrence	COSV51765492	COSM6240	138108736	p.T745M	c.2234C>T	C	T	COSO29974826	17180521			7	55181378	55181378	+	ENSP00000395243.3:p.Thr745Met	ENST00000454757.6:c.2234C>T	7:g.55181378C>T	Reported in another cancer sample as somatic
1040049	COSS1040049	EGFR	COSG73399	ENST00000455089.5	Yes	Gefitinib	Gefitinib clinical resistant recurrence	COSV51765492	COSM6240	138834457	p.T745M	c.2234C>T	C	T	COSO29974826	17180521			7	55181378	55181378	+	ENSP00000415559.1:p.Thr745Met	ENST00000455089.5:c.2234C>T	7:g.55181378C>T	Reported in another cancer sample as somatic
1040049	COSS1040049	EGFR	COSG73399	ENST00000638463.1	Yes	Gefitinib	Gefitinib clinical resistant recurrence	COSV51765492	COSM6240	189037276	p.?	c.*359C>T	C	T	COSO29974826	17180521			7	55181378	55181378	+		ENST00000638463.1:c.*359C>T	7:g.55181378C>T	Reported in another cancer sample as somatic
1043871	COSS1043871	EGFR	COSG73399	ENST00000275493.6	Yes	Gefitinib	Gefitinib clinical primary non response 	COSV51765492	COSM6240	178601678	p.T790M	c.2369C>T	C	T	COSO29915473	17192902			7	55181378	55181378	+	ENSP00000275493.2:p.Thr790Met	ENST00000275493.6:c.2369C>T	7:g.55181378C>T	Reported in another cancer sample as somatic
1043871	COSS1043871	EGFR	COSG73399	ENST00000454757.6	Yes	Gefitinib	Gefitinib clinical primary non response 	COSV51765492	COSM6240	138108736	p.T745M	c.2234C>T	C	T	COSO29915473	17192902			7	55181378	55181378	+	ENSP00000395243.3:p.Thr745Met	ENST00000454757.6:c.2234C>T	7:g.55181378C>T	Reported in another cancer sample as somatic
1043871	COSS1043871	EGFR	COSG73399	ENST00000455089.5	Yes	Gefitinib	Gefitinib clinical primary non response 	COSV51765492	COSM6240	138834457	p.T745M	c.2234C>T	C	T	COSO29915473	17192902			7	55181378	55181378	+	ENSP00000415559.1:p.Thr745Met	ENST00000455089.5:c.2234C>T	7:g.55181378C>T	Reported in another cancer sample as somatic
1043871	COSS1043871	EGFR	COSG73399	ENST00000638463.1	Yes	Gefitinib	Gefitinib clinical primary non response 	COSV51765492	COSM6240	189037276	p.?	c.*359C>T	C	T	COSO29915473	17192902			7	55181378	55181378	+		ENST00000638463.1:c.*359C>T	7:g.55181378C>T	Reported in another cancer sample as somatic
1047910	COSS1047910	EGFR	COSG73399	ENST00000275493.6	Yes	Gefitinib	Gefitinib clinical resistant recurrence	COSV51765492	COSM6240	178601678	p.T790M	c.2369C>T	C	T	COSO29954826	17335935		het	7	55181378	55181378	+	ENSP00000275493.2:p.Thr790Met	ENST00000275493.6:c.2369C>T	7:g.55181378C>T	Reported in another cancer sample as somatic
1047910	COSS1047910	EGFR	COSG73399	ENST00000454757.6	Yes	Gefitinib	Gefitinib clinical resistant recurrence	COSV51765492	COSM6240	138108736	p.T745M	c.2234C>T	C	T	COSO29954826	17335935		het	7	55181378	55181378	+	ENSP00000395243.3:p.Thr745Met	ENST00000454757.6:c.2234C>T	7:g.55181378C>T	Reported in another cancer sample as somatic
1047910	COSS1047910	EGFR	COSG73399	ENST00000455089.5	Yes	Gefitinib	Gefitinib clinical resistant recurrence	COSV51765492	COSM6240	138834457	p.T745M	c.2234C>T	C	T	COSO29954826	17335935		het	7	55181378	55181378	+	ENSP00000415559.1:p.Thr745Met	ENST00000455089.5:c.2234C>T	7:g.55181378C>T	Reported in another cancer sample as somatic
1047910	COSS1047910	EGFR	COSG73399	ENST00000638463.1	Yes	Gefitinib	Gefitinib clinical resistant recurrence	COSV51765492	COSM6240	189037276	p.?	c.*359C>T	C	T	COSO29954826	17335935		het	7	55181378	55181378	+		ENST00000638463.1:c.*359C>T	7:g.55181378C>T	Reported in another cancer sample as somatic
11	COSS1069271	PDGFRA	COSG95745	ENST00000257290.9	Yes	Imatinib	Imatinib clinical primary non response		COSM12432	191598731	p.D842V	c.?			COSO36075546	15930355						+	ENSP00000257290.5:p.Asp842Val			Reported in another cancer sample as somatic
11	COSS2770742	NT5C2	COSG109595	ENST00000343289.9	Yes	Purine	Purine analogue clinical resistant recurrence	COSV58414509	COSM914303	110555623	p.R367Q	c.1100G>A	C	T	COSO27984908	28157215		het	10	103093198	103093198	-	ENSP00000339479.5:p.Arg367Gln	ENST00000343289.9:c.1100G>A	10:g.103093198C>T	Reported in another cancer sample as somatic
11	COSS2770742	NT5C2	COSG109595	ENST00000343289.9	Yes	Purine	Purine analogue clinical resistant recurrence	COSV99056933	COSM7349744	110558170	p.P414S	c.1240C>T	G	A	COSO27984908	28157215		het	10	103090968	103090968	-	ENSP00000339479.5:p.Pro414Ser	ENST00000343289.9:c.1240C>T	10:g.103090968G>A	Reported in another cancer sample as somatic
11	COSS2770742	NT5C2	COSG109595	ENST00000404739.7	Yes	Purine	Purine analogue clinical resistant recurrence	COSV58414509	COSM914303	129256654	p.R367Q	c.1100G>A	C	T	COSO27984908	28157215		het	10	103093198	103093198	-	ENSP00000383960.3:p.Arg367Gln	ENST00000404739.7:c.1100G>A	10:g.103093198C>T	Reported in another cancer sample as somatic
11	COSS2770742	NT5C2	COSG109595	ENST00000404739.7	Yes	Purine	Purine analogue clinical resistant recurrence	COSV99056933	COSM7349744	129258061	p.P414S	c.1240C>T	G	A	COSO27984908	28157215		het	10	103090968	103090968	-	ENSP00000383960.3:p.Pro414Ser	ENST00000404739.7:c.1240C>T	10:g.103090968G>A	Reported in another cancer sample as somatic
1103803	COSS1103803	EGFR	COSG73399	ENST00000275493.6	Yes	Gefitinib	Gefitinib clinical resistant recurrence	COSV51765492	COSM6240	178601678	p.T790M	c.2369C>T	C	T	COSO29914826	18271876			7	55181378	55181378	+	ENSP00000275493.2:p.Thr790Met	ENST00000275493.6:c.2369C>T	7:g.55181378C>T	Reported in another cancer sample as somatic
1103803	COSS1103803	EGFR	COSG73399	ENST00000454757.6	Yes	Gefitinib	Gefitinib clinical resistant recurrence	COSV51765492	COSM6240	138108736	p.T745M	c.2234C>T	C	T	COSO29914826	18271876			7	55181378	55181378	+	ENSP00000395243.3:p.Thr745Met	ENST00000454757.6:c.2234C>T	7:g.55181378C>T	Reported in another cancer sample as somatic
1103803	COSS1103803	EGFR	COSG73399	ENST00000455089.5	Yes	Gefitinib	Gefitinib clinical resistant recurrence	COSV51765492	COSM6240	138834457	p.T745M	c.2234C>T	C	T	COSO29914826	18271876			7	55181378	55181378	+	ENSP00000415559.1:p.Thr745Met	ENST00000455089.5:c.2234C>T	7:g.55181378C>T	Reported in another cancer sample as somatic
1103803	COSS1103803	EGFR	COSG73399	ENST00000638463.1	Yes	Gefitinib	Gefitinib clinical resistant recurrence	COSV51765492	COSM6240	189037276	p.?	c.*359C>T	C	T	COSO29914826	18271876			7	55181378	55181378	+		ENST00000638463.1:c.*359C>T	7:g.55181378C>T	Reported in another cancer sample as somatic
1103805	COSS1103805	EGFR	COSG73399	ENST00000275493.6	Yes	Gefitinib	Gefitinib clinical resistant recurrence	COSV51765492	COSM6240	178601678	p.T790M	c.2369C>T	C	T	COSO29914826	18271876			7	55181378	55181378	+	ENSP00000275493.2:p.Thr790Met	ENST00000275493.6:c.2369C>T	7:g.55181378C>T	Reported in another cancer sample as somatic
1103805	COSS1103805	EGFR	COSG73399	ENST00000454757.6	Yes	Gefitinib	Gefitinib clinical resistant recurrence	COSV51765492	COSM6240	138108736	p.T745M	c.2234C>T	C	T	COSO29914826	18271876			7	55181378	55181378	+	ENSP00000395243.3:p.Thr745Met	ENST00000454757.6:c.2234C>T	7:g.55181378C>T	Reported in another cancer sample as somatic
1103805	COSS1103805	EGFR	COSG73399	ENST00000455089.5	Yes	Gefitinib	Gefitinib clinical resistant recurrence	COSV51765492	COSM6240	138834457	p.T745M	c.2234C>T	C	T	COSO29914826	18271876			7	55181378	55181378	+	ENSP00000415559.1:p.Thr745Met	ENST00000455089.5:c.2234C>T	7:g.55181378C>T	Reported in another cancer sample as somatic
1103805	COSS1103805	EGFR	COSG73399	ENST00000638463.1	Yes	Gefitinib	Gefitinib clinical resistant recurrence	COSV51765492	COSM6240	189037276	p.?	c.*359C>T	C	T	COSO29914826	18271876			7	55181378	55181378	+		ENST00000638463.1:c.*359C>T	7:g.55181378C>T	Reported in another cancer sample as somatic
1103807	COSS1103807	EGFR	COSG73399	ENST00000275493.6	Yes	Gefitinib	Gefitinib clinical resistant recurrence	COSV51765492	COSM6240	178601678	p.T790M	c.2369C>T	C	T	COSO29914826	18271876			7	55181378	55181378	+	ENSP00000275493.2:p.Thr790Met	ENST00000275493.6:c.2369C>T	7:g.55181378C>T	Reported in another cancer sample as somatic
1103807	COSS1103807	EGFR	COSG73399	ENST00000454757.6	Yes	Gefitinib	Gefitinib clinical resistant recurrence	COSV51765492	COSM6240	138108736	p.T745M	c.2234C>T	C	T	COSO29914826	18271876			7	55181378	55181378	+	ENSP00000395243.3:p.Thr745Met	ENST00000454757.6:c.2234C>T	7:g.55181378C>T	Reported in another cancer sample as somatic
1103807	COSS1103807	EGFR	COSG73399	ENST00000455089.5	Yes	Gefitinib	Gefitinib clinical resistant recurrence	COSV51765492	COSM6240	138834457	p.T745M	c.2234C>T	C	T	COSO29914826	18271876			7	55181378	55181378	+	ENSP00000415559.1:p.Thr745Met	ENST00000455089.5:c.2234C>T	7:g.55181378C>T	Reported in another cancer sample as somatic
1103807	COSS1103807	EGFR	COSG73399	ENST00000638463.1	Yes	Gefitinib	Gefitinib clinical resistant recurrence	COSV51765492	COSM6240	189037276	p.?	c.*359C>T	C	T	COSO29914826	18271876			7	55181378	55181378	+		ENST00000638463.1:c.*359C>T	7:g.55181378C>T	Reported in another cancer sample as somatic
1103809	COSS1103809	EGFR	COSG73399	ENST00000275493.6	Yes	Gefitinib	Gefitinib clinical resistant recurrence	COSV51765492	COSM6240	178601678	p.T790M	c.2369C>T	C	T	COSO29914826	18271876			7	55181378	55181378	+	ENSP00000275493.2:p.Thr790Met	ENST00000275493.6:c.2369C>T	7:g.55181378C>T	Reported in another cancer sample as somatic
1103809	COSS1103809	EGFR	COSG73399	ENST00000454757.6	Yes	Gefitinib	Gefitinib clinical resistant recurrence	COSV51765492	COSM6240	138108736	p.T745M	c.2234C>T	C	T	COSO29914826	18271876			7	55181378	55181378	+	ENSP00000395243.3:p.Thr745Met	ENST00000454757.6:c.2234C>T	7:g.55181378C>T	Reported in another cancer sample as somatic
1103809	COSS1103809	EGFR	COSG73399	ENST00000455089.5	Yes	Gefitinib	Gefitinib clinical resistant recurrence	COSV51765492	COSM6240	138834457	p.T745M	c.2234C>T	C	T	COSO29914826	18271876			7	55181378	55181378	+	ENSP00000415559.1:p.Thr745Met	ENST00000455089.5:c.2234C>T	7:g.55181378C>T	Reported in another cancer sample as somatic
1103809	COSS1103809	EGFR	COSG73399	ENST00000638463.1	Yes	Gefitinib	Gefitinib clinical resistant recurrence	COSV51765492	COSM6240	189037276	p.?	c.*359C>T	C	T	COSO29914826	18271876			7	55181378	55181378	+		ENST00000638463.1:c.*359C>T	7:g.55181378C>T	Reported in another cancer sample as somatic
1108052	COSS1108052	EGFR	COSG73399	ENST00000275493.6	Yes	Gefitinib	Gefitinib clinical resistant recurrence		COSM21943	191598378	p.T790M	c.?			COSO29915645	17973572						+	ENSP00000275493.2:p.Thr790Met			Reported in another cancer sample as somatic
1120916	COSS1120916	EGFR	COSG73399	ENST00000275493.6	Yes	Gefitinib	Gefitinib clinical primary non response 		COSM21943	191598378	p.T790M	c.?			COSO29915674	18509184						+	ENSP00000275493.2:p.Thr790Met			Reported in another cancer sample as somatic
1122168	COSS1122168	EGFR	COSG73399	ENST00000275493.6	Yes	Gefitinib	Gefitinib clinical resistant recurrence		COSM21943	191598378	p.T790M	c.?			COSO29914826	18379370						+	ENSP00000275493.2:p.Thr790Met			Reported in another cancer sample as somatic
1122357	COSS1122357	KIT	COSG63709	ENST00000288135.5	Yes	Imatinib	Imatinib clinical resistant recurrence		COSM27127	191598576	p.D816H	c.?			COSO31355381	17875769						+	ENSP00000288135.5:p.Asp816His			Reported in another cancer sample as somatic
1122359	COSS1122359	KIT	COSG63709	ENST00000288135.5	Yes	Imatinib	Imatinib clinical resistant recurrence		COSM24707	191599564	p.Y823D	c.?			COSO31355381	17875769						+	ENSP00000288135.5:p.Tyr823Asp			Reported in another cancer sample as somatic
1122361	COSS1122361	KIT	COSG63709	ENST00000288135.5	Yes	Imatinib	Imatinib clinical resistant recurrence		COSM24707	191599564	p.Y823D	c.?			COSO31355381	17875769						+	ENSP00000288135.5:p.Tyr823Asp			Reported in another cancer sample as somatic
1122363	COSS1122363	KIT	COSG63709	ENST00000288135.5	Yes	Imatinib	Imatinib clinical resistant recurrence		COSM19023	191598451	p.N822K	c.?			COSO31355381	17875769						+	ENSP00000288135.5:p.Asn822Lys			Reported in another cancer sample as somatic
1122365	COSS1122365	KIT	COSG63709	ENST00000288135.5	Yes	Imatinib	Imatinib clinical resistant recurrence		COSM24709	191598488	p.V654A	c.?			COSO31355381	17875769						+	ENSP00000288135.5:p.Val654Ala			Reported in another cancer sample as somatic
1122367	COSS1122367	KIT	COSG63709	ENST00000288135.5	Yes	Imatinib	Imatinib clinical resistant recurrence		COSM24709	191598488	p.V654A	c.?			COSO31355381	17875769						+	ENSP00000288135.5:p.Val654Ala			Reported in another cancer sample as somatic
1122369	COSS1122369	KIT	COSG63709	ENST00000288135.5	Yes	Imatinib	Imatinib clinical resistant recurrence		COSM27127	191598576	p.D816H	c.?			COSO31355381	17875769						+	ENSP00000288135.5:p.Asp816His			Reported in another cancer sample as somatic
1122371	COSS1122371	KIT	COSG63709	ENST00000288135.5	Yes	Imatinib	Imatinib clinical resistant recurrence		COSM24641	191602832	p.C809G	c.?			COSO31355381	17875769						+				Reported in another cancer sample as somatic
1135554	COSS1135554	EGFR	COSG73399	ENST00000275493.6	Yes	Gefitinib	Gefitinib clinical primary non response 		COSM21943	191598378	p.T790M	c.?			COSO29914826	18676761						+	ENSP00000275493.2:p.Thr790Met			Reported in another cancer sample as somatic
1135555	COSS1135555	EGFR	COSG73399	ENST00000275493.6	Yes	Gefitinib	Gefitinib clinical primary non response 		COSM21943	191598378	p.T790M	c.?			COSO29914826	18676761						+	ENSP00000275493.2:p.Thr790Met			Reported in another cancer sample as somatic
1140670	COSS1140670	EGFR	COSG73399	ENST00000275493.6	Yes	Gefitinib	Gefitinib clinical primary non response 		COSM21943	191598378	p.T790M	c.?			COSO29914830	19238633						+	ENSP00000275493.2:p.Thr790Met			Reported in another cancer sample as somatic
1162966	COSS1162966	EGFR	COSG73399	ENST00000275493.6	Yes	Gefitinib	Gefitinib clinical resistant recurrence		COSM21943	191598378	p.T790M	c.?			COSO29914826	18992959						+	ENSP00000275493.2:p.Thr790Met			Reported in another cancer sample as somatic
